id,nombre,apellido
1,Enrique,Almeida
2,Rolf,Cull
3,Tove,Bote
4,Dillon,Thornewell
5,Vick,McKern
6,Nicolis,Vedmore
7,Leigh,Dorton
8,Ravid,Brunetti
9,Bronson,Jills
10,Leslie,Josovitz
11,Sile,Ilett
12,Kennett,Tilt
13,Cyndia,Stopher
14,Caitrin,Dransfield
15,Gilligan,Chatters
16,Walther,Cokly
17,Paton,Blackboro
18,Danya,Wesgate
19,Caitlin,Docwra
20,Tuckie,Meddows
21,Syman,Le Huquet
22,Tad,Yurlov
23,Nicola,Haughey
24,Con,Brackley
25,Alasdair,Malcolm
26,Natale,Maryon
27,Meade,Rodrigo
28,Lance,Yonge
29,Belinda,Salas
30,Caprice,Speake
31,Gratia,Conti
32,Yovonnda,Levison
33,Darnell,Aspin
34,Sheela,Buick
35,Hernando,Bullar
36,Zorina,Neiland
37,Esteban,Bottinelli
38,Donia,Tabert
39,Blaine,Drummond
40,Janette,McCartan
41,Gilberta,Esome
42,Gib,Postans
43,Maurice,Andreoletti
44,Giustino,Summons
45,Mordy,Heinemann
46,Norri,Blumfield
47,Nicoline,Arundale
48,Gerri,Devas
49,Brose,Ballance
50,Mavra,Jefferys
51,Redd,Stourton
52,Dinnie,Tilbey
53,Nat,Chesters
54,Alfy,Simonsen
55,Kelbee,Klimecki
56,Leeann,Lydon
57,Adan,Willman
58,Gracia,Galletly
59,Ives,Scargle
60,Bealle,Hayer
